"Year","ppnRes","ppnInt","ppnMig"
2014,0.263157894736842,0.473684210526316,0.263157894736842
2015,0.243243243243243,0.486486486486487,0.27027027027027
