"Year","ppnRes","ppnInt","ppnMig"
2014,0.263157894736842,0.184210526315789,0.552631578947368
2015,0.243243243243243,0.378378378378378,0.378378378378378
