Year,ppnRes,ppnInt,ppnMig
2014,0.263157895,0.473684211,0.263157895
2015,0.243243243,0.486486486,0.27027027
